INSERT INTO Y9_DATASERVICE_MAPPING (ID,CREATE_TIME,UPDATE_TIME,CLASSNAME,DESCRIPTION,FUNCTYPE,ONLYONE,TYPENAME) VALUES
	 ('1615753111899475968',TIMESTAMP'2024-01-15 15:06:01.24',TIMESTAMP'2024-01-15 15:06:01.24','risesoft.data.transfer.stream.rdbms.in.RdbmsDataInputStreamFactory','通用型关系数据库输入流','input',1,'oracle');
INSERT INTO Y9_DATASERVICE_MAPPING (ID,CREATE_TIME,UPDATE_TIME,CLASSNAME,DESCRIPTION,FUNCTYPE,ONLYONE,TYPENAME) VALUES	 
	 ('1615753894623711232',TIMESTAMP'2024-01-15 15:09:07.883',TIMESTAMP'2024-01-15 15:09:07.883','risesoft.data.transfer.stream.rdbms.out.RdbmsDataOutputStreamFactory','通用型关系数据库输出流','output',1,'oracle');
INSERT INTO Y9_DATASERVICE_MAPPING (ID,CREATE_TIME,UPDATE_TIME,CLASSNAME,DESCRIPTION,FUNCTYPE,ONLYONE,TYPENAME) VALUES
	 ('1615754445063196672',TIMESTAMP'2024-01-15 15:11:19.09',TIMESTAMP'2024-01-15 15:11:19.09','risesoft.data.transfer.base.executor.ThreadPoolExecutorTaskQueue','线程池处理器，多线程使用','input',1,'executor');
INSERT INTO Y9_DATASERVICE_MAPPING (ID,CREATE_TIME,UPDATE_TIME,CLASSNAME,DESCRIPTION,FUNCTYPE,ONLYONE,TYPENAME) VALUES	 
	 ('1615755088058388480',TIMESTAMP'2024-01-15 15:13:52.449',TIMESTAMP'2024-01-15 15:13:52.449','risesoft.data.transfer.base.exchange.BufferRecordMoneyExchange','带有限流功能的数据闸口，限制流量通过的同时将数据转为批处理','exchange',1,'exchange');
INSERT INTO Y9_DATASERVICE_MAPPING (ID,CREATE_TIME,UPDATE_TIME,CLASSNAME,DESCRIPTION,FUNCTYPE,ONLYONE,TYPENAME) VALUES	 
	 ('1615755195097026560',TIMESTAMP'2024-01-15 15:14:17.914',TIMESTAMP'2024-01-15 15:14:17.914','risesoft.data.transfer.base.exchange.BufferRecordExchange','数据闸口将任务作为一批一批的数据推送至输出通道，将任务构建为一批一批适用于批处理的任务。','exchange',1,'exchange');
INSERT INTO Y9_DATASERVICE_MAPPING (ID,CREATE_TIME,UPDATE_TIME,CLASSNAME,DESCRIPTION,FUNCTYPE,ONLYONE,TYPENAME) VALUES	 
	 ('1615755489906266112',TIMESTAMP'2024-01-15 15:15:28.215',TIMESTAMP'2024-01-15 15:15:28.215','risesoft.data.transfer.base.channel.out.DCOutChannel','直流通道数据源头为批处理时，使用批处理交由消费端执行，不对数据格外处理','output',1,'channel');
INSERT INTO Y9_DATASERVICE_MAPPING (ID,CREATE_TIME,UPDATE_TIME,CLASSNAME,DESCRIPTION,FUNCTYPE,ONLYONE,TYPENAME) VALUES	 
	 ('1615755624996409344',TIMESTAMP'2024-01-15 15:16:00.854',TIMESTAMP'2024-01-15 15:16:00.854','risesoft.data.transfer.base.channel.in.BufferRecordInChannel','缓冲输入通道，适用于多线程消费时解决多线程推送至数据闸口带来的并发影响，提供一个无并发问题的缓存区','input',1,'channel');
INSERT INTO Y9_DATASERVICE_MAPPING (ID,CREATE_TIME,UPDATE_TIME,CLASSNAME,DESCRIPTION,FUNCTYPE,ONLYONE,TYPENAME) VALUES	 
	 ('1615755736808165376',TIMESTAMP'2024-01-15 15:16:27.064',TIMESTAMP'2024-05-20 14:37:27.684','risesoft.data.transfer.base.plug.log.PrintLogPlug','打印日志','printLog',1,'plugs');
INSERT INTO Y9_DATASERVICE_MAPPING (ID,CREATE_TIME,UPDATE_TIME,CLASSNAME,DESCRIPTION,FUNCTYPE,ONLYONE,TYPENAME) VALUES	 
	 ('1615755956052824064',TIMESTAMP'2024-01-15 15:17:19.339',TIMESTAMP'2024-01-15 15:17:19.339','risesoft.data.transfer.base.plug.data.DirtyDataPlug','处理脏数据，当遇到脏数据时根据设定的预警值进行任务的最终状态处理','dirtyData',1,'plugs');
INSERT INTO Y9_DATASERVICE_MAPPING (ID,CREATE_TIME,UPDATE_TIME,CLASSNAME,DESCRIPTION,FUNCTYPE,ONLYONE,TYPENAME) VALUES	 
	 ('1615756331631775744',TIMESTAMP'2024-01-15 15:18:48.939',TIMESTAMP'2024-01-15 15:18:48.939','risesoft.data.transfer.stream.rdbms.in.RdbmsDataInputStreamFactory','通用型关系数据库输入流','input',1,'mysql');
INSERT INTO Y9_DATASERVICE_MAPPING (ID,CREATE_TIME,UPDATE_TIME,CLASSNAME,DESCRIPTION,FUNCTYPE,ONLYONE,TYPENAME) VALUES
	 ('1615756422690115584',TIMESTAMP'2024-01-15 15:19:10.598',TIMESTAMP'2024-05-20 14:58:38.27','risesoft.data.transfer.stream.rdbms.out.mysql.MySqlDataOutputStreamFactory','MYSQL关系型数据库输出流','output',1,'mysql');
INSERT INTO Y9_DATASERVICE_MAPPING (ID,CREATE_TIME,UPDATE_TIME,CLASSNAME,DESCRIPTION,FUNCTYPE,ONLYONE,TYPENAME) VALUES	 
	 ('1649845509948444672',TIMESTAMP'2024-01-15 15:11:18.09',TIMESTAMP'2024-01-15 15:11:18.09','risesoft.data.transfer.base.executor.ThreadPoolExecutorTaskQueue','线程池处理器，多线程使用','output',1,'executor');
INSERT INTO Y9_DATASERVICE_MAPPING (ID,CREATE_TIME,UPDATE_TIME,CLASSNAME,DESCRIPTION,FUNCTYPE,ONLYONE,TYPENAME) VALUES	 
	 ('1656333155528871936',TIMESTAMP'2024-05-06 14:36:37.782',TIMESTAMP'2024-05-06 14:36:37.782','risesoft.data.transfer.stream.rdbms.in.RdbmsDataInputStreamFactory','通用型关系数据库输入流','input',1,'postgresql');
INSERT INTO Y9_DATASERVICE_MAPPING (ID,CREATE_TIME,UPDATE_TIME,CLASSNAME,DESCRIPTION,FUNCTYPE,ONLYONE,TYPENAME) VALUES	 
	 ('1656333328971730944',TIMESTAMP'2024-05-06 14:37:19.031',TIMESTAMP'2024-05-20 14:58:14.455','risesoft.data.transfer.stream.rdbms.out.pg.PGDataOutputStreamFactory','PG关系型数据库输出流','output',1,'postgresql');
INSERT INTO Y9_DATASERVICE_MAPPING (ID,CREATE_TIME,UPDATE_TIME,CLASSNAME,DESCRIPTION,FUNCTYPE,ONLYONE,TYPENAME) VALUES	 
	 ('1670391851091234816',TIMESTAMP'2024-06-14 09:40:51.685',TIMESTAMP'2024-06-14 09:40:51.685','risesoft.data.transfer.stream.rdbms.in.RdbmsDataInputStreamFactory','通用型关系数据库输入流','input',1,'kingbase');
INSERT INTO Y9_DATASERVICE_MAPPING (ID,CREATE_TIME,UPDATE_TIME,CLASSNAME,DESCRIPTION,FUNCTYPE,ONLYONE,TYPENAME) VALUES	 
	 ('1670391963125288960',TIMESTAMP'2024-06-14 09:41:18.394',TIMESTAMP'2024-06-14 09:41:18.394','risesoft.data.transfer.stream.rdbms.out.RdbmsDataOutputStreamFactory','通用型关系数据库输出流','output',1,'kingbase');
INSERT INTO Y9_DATASERVICE_MAPPING (ID,CREATE_TIME,UPDATE_TIME,CLASSNAME,DESCRIPTION,FUNCTYPE,ONLYONE,TYPENAME) VALUES	 
	 ('1670392118566195200',TIMESTAMP'2024-06-14 09:41:55.455',TIMESTAMP'2024-06-14 09:41:55.455','risesoft.data.transfer.stream.rdbms.in.RdbmsDataInputStreamFactory','通用型关系数据库输入流','input',1,'dm');
INSERT INTO Y9_DATASERVICE_MAPPING (ID,CREATE_TIME,UPDATE_TIME,CLASSNAME,DESCRIPTION,FUNCTYPE,ONLYONE,TYPENAME) VALUES	 
	 ('1670392199415599104',TIMESTAMP'2024-06-14 09:42:14.73',TIMESTAMP'2024-10-31 17:10:44.395','risesoft.data.transfer.stream.rdbms.out.RdbmsDataOutputStreamFactory','通用型关系数据库输出流','output',1,'dm');
INSERT INTO Y9_DATASERVICE_MAPPING (ID,CREATE_TIME,UPDATE_TIME,CLASSNAME,DESCRIPTION,FUNCTYPE,ONLYONE,TYPENAME) VALUES	 
	 ('1677017895743262720',TIMESTAMP'2024-06-14 09:41:55.455',TIMESTAMP'2024-06-14 09:41:55.455','risesoft.data.transfer.stream.es.out.ElasticsearchOutputStreamFactory','通用型ES输出流','output',1,'elasticsearch');
INSERT INTO Y9_DATASERVICE_MAPPING (ID,CREATE_TIME,UPDATE_TIME,CLASSNAME,DESCRIPTION,FUNCTYPE,ONLYONE,TYPENAME) VALUES	 
	 ('1677018049745522688',TIMESTAMP'2024-06-14 09:42:14.73',TIMESTAMP'2024-06-14 09:42:14.73','risesoft.data.transfer.stream.es.in.ElasticsearchInputStreamFactory','通用型ES输入流','input',1,'elasticsearch');
INSERT INTO Y9_DATASERVICE_MAPPING (ID,CREATE_TIME,UPDATE_TIME,CLASSNAME,DESCRIPTION,FUNCTYPE,ONLYONE,TYPENAME) VALUES	 
	 ('1735740506933026816',TIMESTAMP'2024-12-11 17:33:05.353',TIMESTAMP'2024-12-11 17:33:05.353','risesoft.data.transfer.stream.ftp.in.info.FTPFileInfoInputStreamFactory','FTP文件读取输入流','input',1,'ftp');
INSERT INTO Y9_DATASERVICE_MAPPING (ID,CREATE_TIME,UPDATE_TIME,CLASSNAME,DESCRIPTION,FUNCTYPE,ONLYONE,TYPENAME) VALUES	 
	 ('1737518710724354048',TIMESTAMP'2024-12-16 15:19:02.275',TIMESTAMP'2024-12-16 15:19:02.275','risesoft.data.transfer.stream.api.in.ApiInputStreamFactory','通用型接口数据源输入流','input',1,'api');
INSERT INTO Y9_DATASERVICE_MAPPING (ID,CREATE_TIME,UPDATE_TIME,CLASSNAME,DESCRIPTION,FUNCTYPE,ONLYONE,TYPENAME) VALUES	 
	 ('1737518811559616512',TIMESTAMP'2024-12-16 15:19:26.216',TIMESTAMP'2024-12-16 15:19:26.216','risesoft.data.transfer.stream.api.out.ApiOutputStreamFactory','通用型接口数据源输出流','output',1,'api');
INSERT INTO Y9_DATASERVICE_MAPPING (ID,CREATE_TIME,UPDATE_TIME,CLASSNAME,DESCRIPTION,FUNCTYPE,ONLYONE,TYPENAME) VALUES	 
	 ('1739005515127578624',TIMESTAMP'2024-12-20 17:47:04.059',TIMESTAMP'2024-12-20 17:47:04.059','risesoft.data.transfer.stream.ftp.out.ftp.FTPFileOutputFTPStreamFactory','将FTP文件拉取到FTP输出流','output',1,'ftp');
INSERT INTO Y9_DATASERVICE_MAPPING (ID, CREATE_TIME, UPDATE_TIME, CLASSNAME, DESCRIPTION, FUNCTYPE, ONLYONE, TYPENAME) VALUES
	 ('1745076226888949760', TIMESTAMP'2025-01-06 11:49:54.447', TIMESTAMP'2025-01-06 11:49:54.447', 'risesoft.data.transfer.stream.rdbms.plug.JobEndExecutorSql', '任务结束后执行（不管结果）', 'sql2', 1, 'plugs');
INSERT INTO Y9_DATASERVICE_MAPPING (ID, CREATE_TIME, UPDATE_TIME, CLASSNAME, DESCRIPTION, FUNCTYPE, ONLYONE, TYPENAME) VALUES
	 ('1745076427557036032', TIMESTAMP'2025-01-06 11:50:42.282', TIMESTAMP'2025-01-06 11:50:42.282', 'risesoft.data.transfer.stream.rdbms.plug.JobSuccessEndExecutorSql', '任务成功结束后执行', 'sql3', 1, 'plugs');
INSERT INTO Y9_DATASERVICE_MAPPING (ID, CREATE_TIME, UPDATE_TIME, CLASSNAME, DESCRIPTION, FUNCTYPE, ONLYONE, TYPENAME) VALUES
	 ('1745076577696342016', TIMESTAMP'2025-01-06 11:51:18.082', TIMESTAMP'2025-01-06 11:51:18.082', 'risesoft.data.transfer.stream.rdbms.plug.JobErrorEndExecutorSql', '任务失败结束后执行', 'sql4', 1, 'plugs');
INSERT INTO Y9_DATASERVICE_MAPPING (ID, CREATE_TIME, UPDATE_TIME, CLASSNAME, DESCRIPTION, FUNCTYPE, ONLYONE, TYPENAME) VALUES
	 ('1745076577696342017', TIMESTAMP'2025-01-06 11:51:18.082', TIMESTAMP'2025-01-06 11:51:18.082', 'risesoft.data.transfer.stream.rdbms.plug.JobStartExecutorSql', '任务启动前执行', 'sql1', 1, 'plugs');
INSERT INTO Y9_DATASERVICE_MAPPING (ID, CREATE_TIME, UPDATE_TIME, CLASSNAME, DESCRIPTION, FUNCTYPE, ONLYONE, TYPENAME) VALUES
	 ('1745120992930422784', TIMESTAMP'2025-01-06 14:47:47.499', TIMESTAMP'2025-01-06 14:47:47.499', 'risesoft.data.transfer.stream.rdbms.in.RdbmsDataInputStreamFactory', '通用型关系数据库输入流', 'input', 1, 'sqlserver');
INSERT INTO Y9_DATASERVICE_MAPPING (ID, CREATE_TIME, UPDATE_TIME, CLASSNAME, DESCRIPTION, FUNCTYPE, ONLYONE, TYPENAME) VALUES
	 ('1745121091567869952', TIMESTAMP'2025-01-06 14:48:11.012', TIMESTAMP'2025-01-06 14:48:11.012', 'risesoft.data.transfer.stream.rdbms.out.RdbmsDataOutputStreamFactory', '通用型关系数据库输出流', 'output', 1, 'sqlserver');
	 

INSERT INTO Y9_DATASERVICE_MAPPINGARGS (ID,CREATE_TIME,UPDATE_TIME,DEFAULTVALUE,DESCRIPTION,MAPPINGID,NAME,"TYPE",DATATYPE,UPNAME) VALUES
	 ('1615782492105609216',TIMESTAMP'2024-01-15 15:17:19.339',TIMESTAMP'2024-01-15 15:17:19.339','1024','缓存大小','1615755088058388480','bufferRecord','integer',1,'');
INSERT INTO Y9_DATASERVICE_MAPPINGARGS (ID,CREATE_TIME,UPDATE_TIME,DEFAULTVALUE,DESCRIPTION,MAPPINGID,NAME,"TYPE",DATATYPE,UPNAME) VALUES
	 ('1615782648687366144',TIMESTAMP'2024-01-15 15:17:19.339',TIMESTAMP'2024-01-15 15:17:19.339','0','条数','1615755088058388480','record','integer',2,'speed');
INSERT INTO Y9_DATASERVICE_MAPPINGARGS (ID,CREATE_TIME,UPDATE_TIME,DEFAULTVALUE,DESCRIPTION,MAPPINGID,NAME,"TYPE",DATATYPE,UPNAME) VALUES	 
	 ('1615782914664960000',TIMESTAMP'2024-01-15 17:04:26.764',TIMESTAMP'2024-05-06 15:57:16.959','2048','流速单位KB','1615755088058388480','byte','integer',2,'speed');
INSERT INTO Y9_DATASERVICE_MAPPINGARGS (ID,CREATE_TIME,UPDATE_TIME,DEFAULTVALUE,DESCRIPTION,MAPPINGID,NAME,"TYPE",DATATYPE,UPNAME) VALUES	 
	 ('1649848108584013824',TIMESTAMP'2024-04-18 17:07:22.014',TIMESTAMP'2024-04-18 17:07:22.014','10','缓存大小','1615755624996409344','bufferRecord','integer',1,'');
INSERT INTO Y9_DATASERVICE_MAPPINGARGS (ID,CREATE_TIME,UPDATE_TIME,DEFAULTVALUE,DESCRIPTION,MAPPINGID,NAME,"TYPE",DATATYPE,UPNAME) VALUES	 
	 ('1649848445638283264',TIMESTAMP'2024-04-18 17:08:42.357',TIMESTAMP'2024-04-18 17:08:42.357','1024','缓存大小','1615755195097026560','bufferRecord','integer',1,'');
INSERT INTO Y9_DATASERVICE_MAPPINGARGS (ID,CREATE_TIME,UPDATE_TIME,DEFAULTVALUE,DESCRIPTION,MAPPINGID,NAME,"TYPE",DATATYPE,UPNAME) VALUES	 
	 ('1649848852871647232',TIMESTAMP'2024-04-18 17:10:19.460',TIMESTAMP'2024-04-18 17:13:06.309','1','时间单位（秒）','1615755088058388480','time','integer',2,'speed');
INSERT INTO Y9_DATASERVICE_MAPPINGARGS (ID,CREATE_TIME,UPDATE_TIME,DEFAULTVALUE,DESCRIPTION,MAPPINGID,NAME,"TYPE",DATATYPE,UPNAME) VALUES	 
	 ('1649849300324192256',TIMESTAMP'2024-04-18 17:12:06.133',TIMESTAMP'2024-04-18 17:12:06.133','5','内部多少个线程执行任务','1615754445063196672','size','integer',1,'');
INSERT INTO Y9_DATASERVICE_MAPPINGARGS (ID,CREATE_TIME,UPDATE_TIME,DEFAULTVALUE,DESCRIPTION,MAPPINGID,NAME,"TYPE",DATATYPE,UPNAME) VALUES	 
	 ('1649849389994217472',TIMESTAMP'2024-04-18 17:12:27.512',TIMESTAMP'2024-04-18 17:12:27.512','5','内部多少个线程执行任务','1649845509948444672','size','integer',1,'');
INSERT INTO Y9_DATASERVICE_MAPPINGARGS (ID,CREATE_TIME,UPDATE_TIME,DEFAULTVALUE,DESCRIPTION,MAPPINGID,NAME,"TYPE",DATATYPE,UPNAME) VALUES	 
	 ('1649849782639792128',TIMESTAMP'2024-04-18 17:14:01.152',TIMESTAMP'2024-04-18 17:14:01.152','0','0-debug 1-info 2-error','1615755736808165376','level','integer',1,'');
INSERT INTO Y9_DATASERVICE_MAPPINGARGS (ID,CREATE_TIME,UPDATE_TIME,DEFAULTVALUE,DESCRIPTION,MAPPINGID,NAME,"TYPE",DATATYPE,UPNAME) VALUES	 
	 ('1649849973698727936',TIMESTAMP'2024-04-18 17:14:46.680',TIMESTAMP'2024-04-18 17:14:46.680','0','脏数据允许条数','1615755956052824064','record','integer',1,'');
INSERT INTO Y9_DATASERVICE_MAPPINGARGS (ID,CREATE_TIME,UPDATE_TIME,DEFAULTVALUE,DESCRIPTION,MAPPINGID,NAME,"TYPE",DATATYPE,UPNAME) VALUES
	 ('1649850714983239680',TIMESTAMP'2024-04-18 17:17:43.422',TIMESTAMP'2024-04-18 17:17:43.422','0.1','脏数据允许百分比','1615755956052824064','percentage','integer',1,'');
INSERT INTO Y9_DATASERVICE_MAPPINGARGS (ID, CREATE_TIME, UPDATE_TIME, DATATYPE, DEFAULTVALUE, DESCRIPTION, MAPPINGID, NAME, "TYPE", UPNAME) VALUES
	 ('1745121390307172351', TIMESTAMP'2025-01-06 14:49:22.247', TIMESTAMP'2025-01-06 14:49:22.247', 1, '', '执行sql语句', '1745076577696342017', 'sql', 'string', '');
INSERT INTO Y9_DATASERVICE_MAPPINGARGS (ID, CREATE_TIME, UPDATE_TIME, DATATYPE, DEFAULTVALUE, DESCRIPTION, MAPPINGID, NAME, "TYPE", UPNAME) VALUES
	 ('1745121390307172352', TIMESTAMP'2025-01-06 14:49:22.247', TIMESTAMP'2025-01-06 14:49:22.247', 1, '', '执行sql语句', '1745076577696342016', 'sql', 'string', '');
INSERT INTO Y9_DATASERVICE_MAPPINGARGS (ID, CREATE_TIME, UPDATE_TIME, DATATYPE, DEFAULTVALUE, DESCRIPTION, MAPPINGID, NAME, "TYPE", UPNAME) VALUES
	 ('1745121390307172353', TIMESTAMP'2025-01-06 14:49:22.247', TIMESTAMP'2025-01-06 14:49:22.247', 1, '', '执行sql语句', '1745076226888949760', 'sql', 'string', '');
INSERT INTO Y9_DATASERVICE_MAPPINGARGS (ID, CREATE_TIME, UPDATE_TIME, DATATYPE, DEFAULTVALUE, DESCRIPTION, MAPPINGID, NAME, "TYPE", UPNAME) VALUES
	 ('1745121390307172354', TIMESTAMP'2025-01-06 14:49:22.247', TIMESTAMP'2025-01-06 14:49:22.247', 1, '', '执行sql语句', '1745076427557036032', 'sql', 'string', '');
INSERT INTO Y9_DATASERVICE_MAPPINGARGS (ID, CREATE_TIME, UPDATE_TIME, DATATYPE, DEFAULTVALUE, DESCRIPTION, MAPPINGID, NAME, "TYPE", UPNAME) VALUES
	 ('1745121906739240950', TIMESTAMP'2025-01-06 14:49:22.247', TIMESTAMP'2025-01-06 14:49:22.247', 1, '0', '调度任务里排列的任务索引值', '1745076577696342017', 'index', 'integer', '');
INSERT INTO Y9_DATASERVICE_MAPPINGARGS (ID, CREATE_TIME, UPDATE_TIME, DATATYPE, DEFAULTVALUE, DESCRIPTION, MAPPINGID, NAME, "TYPE", UPNAME) VALUES
	 ('1745121906739240960', TIMESTAMP'2025-01-06 14:49:22.247', TIMESTAMP'2025-01-06 14:49:22.247', 1, '0', '调度任务里排列的任务索引值', '1745076577696342016', 'index', 'integer', '');
INSERT INTO Y9_DATASERVICE_MAPPINGARGS (ID, CREATE_TIME, UPDATE_TIME, DATATYPE, DEFAULTVALUE, DESCRIPTION, MAPPINGID, NAME, "TYPE", UPNAME) VALUES
	 ('1745121906739240961', TIMESTAMP'2025-01-06 14:49:22.247', TIMESTAMP'2025-01-06 14:49:22.247', 1, '0', '调度任务里排列的任务索引值', '1745076226888949760', 'index', 'integer', '');
INSERT INTO Y9_DATASERVICE_MAPPINGARGS (ID, CREATE_TIME, UPDATE_TIME, DATATYPE, DEFAULTVALUE, DESCRIPTION, MAPPINGID, NAME, "TYPE", UPNAME) VALUES
	 ('1745121906739240962', TIMESTAMP'2025-01-06 14:49:22.247', TIMESTAMP'2025-01-06 14:49:22.247', 1, '0', '调度任务里排列的任务索引值', '1745076427557036032', 'index', 'integer', '');
INSERT INTO Y9_DATASERVICE_MAPPINGARGS (ID, CREATE_TIME, UPDATE_TIME, DATATYPE, DEFAULTVALUE, DESCRIPTION, MAPPINGID, NAME, "TYPE", UPNAME) VALUES
	 ('1745122705796096000', TIMESTAMP'2025-01-06 14:49:22.247', TIMESTAMP'2025-01-06 14:49:22.247', 1, 'output', '选择任务配置里的数据源和目标源，值为：output、input', '1745076577696342016', 'source', 'string', '');
INSERT INTO Y9_DATASERVICE_MAPPINGARGS (ID, CREATE_TIME, UPDATE_TIME, DATATYPE, DEFAULTVALUE, DESCRIPTION, MAPPINGID, NAME, "TYPE", UPNAME) VALUES
	 ('1745122705796096001', TIMESTAMP'2025-01-06 14:49:22.247', TIMESTAMP'2025-01-06 14:49:22.247', 1, 'output', '选择任务配置里的数据源和目标源，值为：output、input', '1745076226888949760', 'source', 'string', '');
INSERT INTO Y9_DATASERVICE_MAPPINGARGS (ID, CREATE_TIME, UPDATE_TIME, DATATYPE, DEFAULTVALUE, DESCRIPTION, MAPPINGID, NAME, "TYPE", UPNAME) VALUES
	 ('1745122705796096002', TIMESTAMP'2025-01-06 14:49:22.247', TIMESTAMP'2025-01-06 14:49:22.247', 1, 'output', '选择任务配置里的数据源和目标源，值为：output、input', '1745076427557036032', 'source', 'string', '');
INSERT INTO Y9_DATASERVICE_MAPPINGARGS (ID, CREATE_TIME, UPDATE_TIME, DATATYPE, DEFAULTVALUE, DESCRIPTION, MAPPINGID, NAME, "TYPE", UPNAME) VALUES
	 ('1745122705796096050', TIMESTAMP'2025-01-06 14:49:22.247', TIMESTAMP'2025-01-06 14:49:22.247', 1, 'output', '选择任务配置里的数据源和目标源，值为：output、input', '1745076577696342017', 'source', 'string', '');


INSERT INTO Y9_DATASERVICE_DATASOURCETYPE (ID,CREATE_TIME,UPDATE_TIME,IMGDATA,NAME,"TYPE",DRIVER) VALUES
	 ('1613516889688903680',TIMESTAMP'2024-01-09 11:00:04.393',TIMESTAMP'2024-06-04 16:02:16.939','','mysql',0,'com.mysql.cj.jdbc.Driver');
INSERT INTO Y9_DATASERVICE_DATASOURCETYPE (ID,CREATE_TIME,UPDATE_TIME,IMGDATA,NAME,"TYPE",DRIVER) VALUES	 
	 ('1615751416272392192',TIMESTAMP'2024-01-15 14:59:17.168',TIMESTAMP'2024-01-15 14:59:17.168','','oracle',0,'oracle.jdbc.OracleDriver');
INSERT INTO Y9_DATASERVICE_DATASOURCETYPE (ID,CREATE_TIME,UPDATE_TIME,IMGDATA,NAME,"TYPE",DRIVER) VALUES	 
	 ('1651653803709042688',TIMESTAMP'2024-04-23 16:42:33.396',TIMESTAMP'2024-04-23 16:42:33.396','','postgresql',0,'org.postgresql.Driver');
INSERT INTO Y9_DATASERVICE_DATASOURCETYPE (ID,CREATE_TIME,UPDATE_TIME,IMGDATA,NAME,"TYPE",DRIVER) VALUES	 
	 ('1651654013889810432',TIMESTAMP'2024-04-23 16:43:23.432',TIMESTAMP'2024-05-30 15:13:08.024','','kingbase',0,'com.kingbase8.Driver');
INSERT INTO Y9_DATASERVICE_DATASOURCETYPE (ID,CREATE_TIME,UPDATE_TIME,IMGDATA,NAME,"TYPE",DRIVER) VALUES	 
	 ('1651654159365050368',TIMESTAMP'2024-04-23 16:43:58.085',TIMESTAMP'2024-04-23 16:43:58.085','','dm',0,'dm.jdbc.driver.DmDriver');
INSERT INTO Y9_DATASERVICE_DATASOURCETYPE (ID,CREATE_TIME,UPDATE_TIME,IMGDATA,NAME,"TYPE",DRIVER) VALUES	 
	 ('1651654353888481280',TIMESTAMP'2024-04-23 16:44:44.449',TIMESTAMP'2024-06-13 12:22:07.560','','ftp',1,'');
INSERT INTO Y9_DATASERVICE_DATASOURCETYPE (ID,CREATE_TIME,UPDATE_TIME,IMGDATA,NAME,"TYPE",DRIVER) VALUES	 
	 ('1651654479818264576',TIMESTAMP'2024-04-23 16:45:14.471',TIMESTAMP'2024-05-09 09:41:14.900','','elasticsearch',1,'');
INSERT INTO Y9_DATASERVICE_DATASOURCETYPE (ID,CREATE_TIME,UPDATE_TIME,DRIVER,IMGDATA,NAME,"TYPE") VALUES
	 ('1745063297573576704',TIMESTAMP'2025-01-06 10:58:31.857',TIMESTAMP'2025-01-06 10:58:31.857','com.microsoft.sqlserver.jdbc.SQLServerDriver',NULL,'sqlserver',0);